<?xml version="1.0" encoding="UTF-8"?>

<CodeSystem xmlns="http://hl7.org/fhir">
  <id value="shr-core-LanguageQualifierCS"/>
  <text>
    <status value="generated"/><div xmlns="http://www.w3.org/1999/xhtml">
<p><b>LanguageQualifierCS CodeSystem</b></p>
<p>A code indicating whether the language is preferred, secondary, or practiced in an unconventional or limited way.</p>
</div>
  </text>
  <url value="http://hl7.org/fhir/us/PACIO-functional-status/CodeSystem/shr-core-LanguageQualifierCS"/>
  <version value="0.1.0"/>
  <name value="LanguageQualifierCS"/>
  <title value="LanguageQualifierCS"/>
  <status value="draft"/>
  <date value="2019-11-27T00:00:00-05:00"/>
  <publisher value="HL7 Patient Care WG and Community-Based Care and Privacy WG"/>
  <contact>
    <telecom>
      <system value="url"/>
      <value value="http://www.hl7.org/Special/committees/patientcare/"/>
    </telecom>
    <telecom>
      <system value="url"/>
      <value value="http://www.hl7.org/Special/committees/homehealth/"/>
    </telecom>
  </contact>
  <description value="A code indicating whether the language is preferred, secondary, or practiced in an unconventional or limited way."/>
  <caseSensitive value="true"/>
  <content value="complete"/>
  <count value="8"/>
  <concept>
    <code value="preferred_spoken"/>
    <display value="Preferred language"/>
    <definition value="Preferred language"/>
  </concept>
  <concept>
    <code value="secondary_spoken"/>
    <display value="Secondary language"/>
    <definition value="Secondary language"/>
  </concept>
  <concept>
    <code value="apraxia"/>
    <display value="Difficulty speaking due to motor disorder"/>
    <definition value="Difficulty speaking due to motor disorder"/>
  </concept>
  <concept>
    <code value="aphasia"/>
    <display value="Difficulty in speaking, listening, reading, and writing"/>
    <definition value="Difficulty in speaking, listening, reading, and writing"/>
  </concept>
  <concept>
    <code value="signs"/>
    <display value="Uses sign language"/>
    <definition value="Uses sign language"/>
  </concept>
  <concept>
    <code value="braille"/>
    <display value="Reads using braille"/>
    <definition value="Reads using braille"/>
  </concept>
  <concept>
    <code value="lipreads"/>
    <display value="Uses lipreading (speechreading)"/>
    <definition value="Uses lipreading (speechreading)"/>
  </concept>
  <concept>
    <code value="aac"/>
    <display value="Uses augmentative and alternative communication"/>
    <definition value="Uses augmentative and alternative communication"/>
  </concept>
</CodeSystem>