<?xml version="1.0" encoding="UTF-8"?>

<CodeSystem xmlns="http://hl7.org/fhir">
  <id value="pacio-fs-SectionGGFunctionalAbilitiesAndGoals"/>
  <text>
    <status value="generated"/><div xmlns="http://www.w3.org/1999/xhtml">
<p><b>SectionGGFunctionalAbilitiesAndGoals CodeSystem</b></p>
<p>For Post-Acute Care Settings, the MDS/OASIS Self Care or Mobility question code</p>
</div>
  </text>
  <url value="http://hl7.org/fhir/us/PACIO-functional-status/pacio-fs/cs/SectionGGFunctionalAbilitiesAndGoals"/>
  <version value="0.1.0"/>
  <name value="SectionGGFunctionalAbilitiesAndGoals"/>
  <title value="Section GG Functional Abilities And Goals"/>
  <status value="draft"/>
  <date value="2020-01-29T00:00:00+00:00"/>
  <publisher value="HL7 Patient Care WG and Community-Based Care and Privacy WG"/>
  <contact>
    <telecom>
      <system value="url"/>
      <value value="http://www.hl7.org/Special/committees/patientcare/"/>
    </telecom>
    <telecom>
      <system value="url"/>
      <value value="http://www.hl7.org/Special/committees/homehealth/"/>
    </telecom>
  </contact>
  <description value="For Post-Acute Care Settings, the MDS/OASIS Self Care or Mobility question code"/>
  <caseSensitive value="true"/>
  <content value="complete"/>
  <count value="3"/>
  <concept>
    <code value="GG0110"/>
    <display value="Prior Device Use"/>
    <definition value="Prior Device Use"/>
  </concept>
  <concept>
    <code value="GG0130"/>
    <display value="Self-Care"/>
    <definition value="Self-Care"/>
  </concept>
  <concept>
    <code value="GG0170"/>
    <display value="Mobility"/>
    <definition value="Mobility"/>
  </concept>
</CodeSystem>