<?xml version="1.0" encoding="UTF-8"?>

<ValueSet xmlns="http://hl7.org/fhir">
  <id value="obf-ResearchSubjectTerminationReasonVS"/>
  <text>
    <status value="generated"/><div xmlns="http://www.w3.org/1999/xhtml">
<p><b>ResearchSubjectTerminationReasonVS ValueSet</b></p>
<p>The reason for a research subject leaving a research study.</p>
</div>
  </text>
  <url value="http://hl7.org/fhir/us/PACIO-functional-status/obf/vs/ResearchSubjectTerminationReasonVS"/>
  <version value="0.1.0"/>
  <name value="ResearchSubjectTerminationReasonVS"/>
  <title value="Research Subject Termination Reason VS"/>
  <status value="draft"/>
  <date value="2019-12-19T00:00:00+00:00"/>
  <publisher value="HL7 Patient Care WG and Community-Based Care and Privacy WG"/>
  <contact>
    <telecom>
      <system value="url"/>
      <value value="http://www.hl7.org/Special/committees/patientcare/"/>
    </telecom>
    <telecom>
      <system value="url"/>
      <value value="http://www.hl7.org/Special/committees/homehealth/"/>
    </telecom>
  </contact>
  <description value="The reason for a research subject leaving a research study."/>
  <compose>
    <include>
      <system value="http://hl7.org/fhir/us/PACIO-functional-status/obf/cs/ResearchSubjectTerminationReasonCS"/>
      <concept>
        <code value="moved"/>
        <display value="Subject relocated"/>
      </concept>
      <concept>
        <code value="died"/>
        <display value="Subject passed away"/>
      </concept>
      <concept>
        <code value="ended"/>
        <display value="Research study ended"/>
      </concept>
      <concept>
        <code value="adverse"/>
        <display value="Subject could not tolerate treatement"/>
      </concept>
      <concept>
        <code value="protocol"/>
        <display value="Subject could not follow protocol, e.g. required appointments, dosing schedule, etc."/>
      </concept>
      <concept>
        <code value="unknown"/>
        <display value="Reason not known"/>
      </concept>
    </include>
  </compose>
</ValueSet>