{"resourceType":"ImplementationGuide","id":"hl7.fhir.us.PACIO-functional-status","text":{"status":"generated","div":"<div xmlns=\"http://www.w3.org/1999/xhtml\"><h2>PACIO_Functional_Status</h2><p>The official URL for this implementation guide is: </p><pre>http://hl7.org/fhir/us/PACIO-functional-cognitive-status/ImplementationGuide/hl7.fhir.us.PACIO-functional-status</pre></div>"},"url":"http://hl7.org/fhir/us/PACIO-functional-cognitive-status/ImplementationGuide/hl7.fhir.us.PACIO-functional-status","version":"0.1.0","name":"PACIO_Functional_Status","status":"draft","date":"2020-01-07T16:58:57+00:00","publisher":"HL7 Patient Care WG and Community-Based Care and Privacy WG","contact":[{"telecom":[{"system":"url","value":"http://www.hl7.org/Special/committees/patientcare/"},{"system":"url","value":"http://www.hl7.org/Special/committees/homehealth/"}]}],"fhirVersion":"4.0.0","dependency":[{"type":"reference","uri":"http://hl7.org/fhir/us/core"}],"package":[{"name":"Profiles in this Implementation Guide","description":"Profiles in this Implementation Guide"}],"page":{"source":"index.html","title":"PACIO Functional Status","kind":"page"}}