{"resourceType":"ValueSet","id":"shr-core-UpperBoundTypeVS","text":{"status":"generated","div":"<div xmlns=\"http://www.w3.org/1999/xhtml\">\n<p><b>UpperBoundTypeVS ValueSet</b></p>\n<p>Indicates the actual value is lt (&lt;) or lte (&lt;=) the given value.</p>\n</div>"},"url":"http://hl7.org/fhir/us/PACIO-functional-status/ValueSet/shr-core-UpperBoundTypeVS","version":"0.1.0","name":"UpperBoundTypeVS","title":"Upper Bound Type VS","status":"draft","date":"2019-12-04T00:00:00+00:00","publisher":"HL7 Patient Care WG and Community-Based Care and Privacy WG","contact":[{"telecom":[{"system":"url","value":"http://www.hl7.org/Special/committees/patientcare/"},{"system":"url","value":"http://www.hl7.org/Special/committees/homehealth/"}]}],"description":"Indicates the actual value is lt (<) or lte (<=) the given value.","compose":{"include":[{"system":"http://hl7.org/fhir/quantity-comparator","concept":[{"code":"<","display":"The actual value is less than the given value."},{"code":"<=","display":"The actual value is less than or equal to the given value."}]}]}}