{"resourceType":"ValueSet","id":"obf-TreatmentTerminationReasonVS","text":{"status":"generated","div":"<div xmlns=\"http://www.w3.org/1999/xhtml\">\n<p><b>TreatmentTerminationReasonVS ValueSet</b></p>\n<p>Values used to describe the reasons for stopping a treatment. Includes code for 'treatment completed' as well as codes for unplanned (early) stoppage. Applies to medications and other treatments that take place over a period of time, such as radiation treatments.</p>\n</div>"},"url":"http://hl7.org/fhir/us/PACIO-functional-status/obf/vs/TreatmentTerminationReasonVS","version":"0.1.0","name":"TreatmentTerminationReasonVS","title":"Treatment Termination Reason VS","status":"draft","date":"2020-01-07T00:00:00+00:00","publisher":"HL7 Patient Care WG and Community-Based Care and Privacy WG","contact":[{"telecom":[{"system":"url","value":"http://www.hl7.org/Special/committees/patientcare/"},{"system":"url","value":"http://www.hl7.org/Special/committees/homehealth/"}]}],"description":"Values used to describe the reasons for stopping a treatment. Includes code for 'treatment completed' as well as codes for unplanned (early) stoppage. Applies to medications and other treatments that take place over a period of time, such as radiation treatments.","compose":{"include":[{"system":"http://snomed.info/sct","concept":[{"code":"182992009","display":"Treatment completed (situation)"},{"code":"58848006","display":"Lack of drug action (finding)"},{"code":"281647001","display":"Adverse reaction (disorder)"},{"code":"160932005","display":"Financial problem"},{"code":"105480006","display":"Refusal of treatment by patient"},{"code":"107724000","display":"Patient transfer"},{"code":"309846006","display":"Treatment not available"}]}]}}