<?xml version="1.0" encoding="UTF-8"?><CodeSystem xmlns="http://hl7.org/fhir"><id value="obf-datatype-SettingCS"/><text><status value="generated"/><div xmlns="http://www.w3.org/1999/xhtml">
<p><b>SettingCS CodeSystem</b></p>
<p>What type of place is found at a given location. More than one descriptor may be applicable.</p>
</div></text><url value="http://hl7.org/fhir/us/PACIO-functional-status/obf/datatype/cs/SettingCS"/><version value="0.1.0"/><name value="SettingCS"/><title value="Setting CS"/><status value="draft"/><date value="2020-01-23T00:00:00+00:00"/><publisher value="HL7 Patient Care WG and Community-Based Care and Privacy WG"/><contact><telecom><system value="url"/><value value="http://www.hl7.org/Special/committees/patientcare/"/></telecom><telecom><system value="url"/><value value="http://www.hl7.org/Special/committees/homehealth/"/></telecom></contact><description value="What type of place is found at a given location. More than one descriptor may be applicable."/><caseSensitive value="true"/><content value="complete"/><count value="34"/><concept><code value="work"/><display value="At or during work, in a workplace setting."/><definition value="At or during work, in a workplace setting."/></concept><concept><code value="home"/><display value="At home"/><definition value="At home"/></concept><concept><code value="residental"/><display value="In a residential setting"/><definition value="In a residential setting"/></concept><concept><code value="school"/><display value="A primary or secondary school"/><definition value="A primary or secondary school"/></concept><concept><code value="vehicle"/><display value="In a parked or moving vehicle"/><definition value="In a parked or moving vehicle"/></concept><concept><code value="office"/><display value="An non-manufacturing, indoor business setting"/><definition value="An non-manufacturing, indoor business setting"/></concept><concept><code value="factory"/><display value="A manufacturing-oriented business setting"/><definition value="A manufacturing-oriented business setting"/></concept><concept><code value="business"/><display value="A place of business"/><definition value="A place of business"/></concept><concept><code value="restaurant"/><display value="A setting where food is served"/><definition value="A setting where food is served"/></concept><concept><code value="food_prep"/><display value="A place where food is prepared"/><definition value="A place where food is prepared"/></concept><concept><code value="worksite"/><display value="Workplace that is primarily outdoors"/><definition value="Workplace that is primarily outdoors"/></concept><concept><code value="manufacturing"/><display value="A setting where manufacturing takes place"/><definition value="A setting where manufacturing takes place"/></concept><concept><code value="owned"/><display value="A building or residence that is owned"/><definition value="A building or residence that is owned"/></concept><concept><code value="rental"/><display value="A building or residence that is rented"/><definition value="A building or residence that is rented"/></concept><concept><code value="dorm"/><display value="Shared (unassisted) living residence, such as a dormitory or fraternity"/><definition value="Shared (unassisted) living residence, such as a dormitory or fraternity"/></concept><concept><code value="foster"/><display value="Foster care group home"/><definition value="Foster care group home"/></concept><concept><code value="assisted"/><display value="Assisted living or independent living facility"/><definition value="Assisted living or independent living facility"/></concept><concept><code value="snf"/><display value="Skilled nursing facility or other Long-Term Care"/><definition value="Skilled nursing facility or other Long-Term Care"/></concept><concept><code value="shelter"/><display value="Homeless or other type of shelter"/><definition value="Homeless or other type of shelter"/></concept><concept><code value="hotel"/><display value="Hotel or motel"/><definition value="Hotel or motel"/></concept><concept><code value="psh"/><display value="Permanent supportive housing for formerly homeless persons (such as SHP, S+C, or SRO Mod Rehab)"/><definition value="Permanent supportive housing for formerly homeless persons (such as SHP, S+C, or SRO Mod Rehab)"/></concept><concept><code value="psych"/><display value="Psychiatric hospital or other psychiatric facility"/><definition value="Psychiatric hospital or other psychiatric facility"/></concept><concept><code value="detox"/><display value="Substance abuse treatment facility or detox center"/><definition value="Substance abuse treatment facility or detox center"/></concept><concept><code value="prison"/><display value="Individual resides in a correctional facility, state hospital, jail, prison, youth authority facility, juvenile hall, boot camp or Boys Ranch."/><definition value="Individual resides in a correctional facility, state hospital, jail, prison, youth authority facility, juvenile hall, boot camp or Boys Ranch."/></concept><concept><code value="transition"/><display value="Transitional housing, residential provier program, or any type of halfway house"/><definition value="Transitional housing, residential provier program, or any type of halfway house"/></concept><concept><code value="squat"/><display value="A homeless camp, abandoned building, shantytown, bus/train/subway station/airport, or squatter area"/><definition value="A homeless camp, abandoned building, shantytown, bus/train/subway station/airport, or squatter area"/></concept><concept><code value="outdoors"/><display value="Outside of any shelter, e.g., on a street"/><definition value="Outside of any shelter, e.g., on a street"/></concept><concept><code value="agricultural"/><display value="Agricultural setting"/><definition value="Agricultural setting"/></concept><concept><code value="farm"/><display value="A farm with livestock"/><definition value="A farm with livestock"/></concept><concept><code value="battlefield"/><display value="On a battlefield"/><definition value="On a battlefield"/></concept><concept><code value="deployed"/><display value="Deployed to a military camp or area"/><definition value="Deployed to a military camp or area"/></concept><concept><code value="ship"/><display value="On a boat"/><definition value="On a boat"/></concept><concept><code value="airplane"/><display value="On an airplane"/><definition value="On an airplane"/></concept><concept><code value="submarine"/><display value="Aboard a submarine"/><definition value="Aboard a submarine"/></concept></CodeSystem>