<?xml version="1.0" encoding="UTF-8"?><ImplementationGuide xmlns="http://hl7.org/fhir"><id value="pacio"/><text><status value="generated"/><div xmlns="http://www.w3.org/1999/xhtml"><h2>FunctionalStatusImplementationGuide</h2><p>The official URL for this implementation guide is: </p><pre>http://pacioproject.org//ImplementationGuide/pacio</pre><div><p>TO advance interoperable health data exchange between post-acute care (PAC) and other providers, patients, and key stakeholders</p>
</div></div></text><url value="http://pacioproject.org//ImplementationGuide/pacio"/><version value="0.1.0"/><name value="FunctionalStatusImplementationGuide"/><title value="Functional Status Implementation Guide"/><status value="active"/><date value="2020-03-18T19:43:33+00:00"/><publisher value="Sean Mahoney"/><contact><name value="Sean Mahoney"/><telecom><system value="email"/><value value="smahoney@mitre.org"/></telecom></contact><description value="TO advance interoperable health data exchange between post-acute care (PAC) and other providers, patients, and key stakeholders"/><packageId value="pacio"/><license value="CC0-1.0"/><fhirVersion value="4.0.1"/><dependsOn><uri value="http://hl7.org/fhir/us/core/ImplementationGuide/hl7.fhir.us.core"/><packageId value="hl7.fhir.us.core"/><version value="3.1.0"/></dependsOn><definition><extension url="http://hl7.org/fhir/tools/StructureDefinition/ig-parameter"><extension url="code"><valueString value="copyrightyear"/></extension><extension url="value"><valueString value="2020+"/></extension></extension><extension url="http://hl7.org/fhir/tools/StructureDefinition/ig-parameter"><extension url="code"><valueString value="releaselabel"/></extension><extension url="value"><valueString value="CI Build"/></extension></extension><extension url="http://hl7.org/fhir/tools/StructureDefinition/ig-parameter"><extension url="code"><valueString value="show-inherited-invariants"/></extension><extension url="value"><valueString value="false"/></extension></extension><extension url="http://hl7.org/fhir/tools/StructureDefinition/ig-parameter"><extension url="code"><valueString value="path-qa"/></extension><extension url="value"><valueString value="temp/qa"/></extension></extension><extension url="http://hl7.org/fhir/tools/StructureDefinition/ig-parameter"><extension url="code"><valueString value="path-temp"/></extension><extension url="value"><valueString value="temp/pages"/></extension></extension><extension url="http://hl7.org/fhir/tools/StructureDefinition/ig-parameter"><extension url="code"><valueString value="path-output"/></extension><extension url="value"><valueString value="output"/></extension></extension><extension url="http://hl7.org/fhir/tools/StructureDefinition/ig-parameter"><extension url="code"><valueString value="path-suppressed-warnings"/></extension><extension url="value"><valueString value="input/ignoreWarnings.txt"/></extension></extension><extension url="http://hl7.org/fhir/tools/StructureDefinition/ig-parameter"><extension url="code"><valueString value="template-html"/></extension><extension url="value"><valueString value="template-page.html"/></extension></extension><extension url="http://hl7.org/fhir/tools/StructureDefinition/ig-parameter"><extension url="code"><valueString value="template-md"/></extension><extension url="value"><valueString value="template-page-md.html"/></extension></extension><extension url="http://hl7.org/fhir/tools/StructureDefinition/ig-parameter"><extension url="code"><valueString value="apply-contact"/></extension><extension url="value"><valueString value="true"/></extension></extension><extension url="http://hl7.org/fhir/tools/StructureDefinition/ig-parameter"><extension url="code"><valueString value="apply-context"/></extension><extension url="value"><valueString value="true"/></extension></extension><extension url="http://hl7.org/fhir/tools/StructureDefinition/ig-parameter"><extension url="code"><valueString value="apply-copyright"/></extension><extension url="value"><valueString value="true"/></extension></extension><extension url="http://hl7.org/fhir/tools/StructureDefinition/ig-parameter"><extension url="code"><valueString value="apply-jurisdiction"/></extension><extension url="value"><valueString value="true"/></extension></extension><extension url="http://hl7.org/fhir/tools/StructureDefinition/ig-parameter"><extension url="code"><valueString value="apply-license"/></extension><extension url="value"><valueString value="true"/></extension></extension><extension url="http://hl7.org/fhir/tools/StructureDefinition/ig-parameter"><extension url="code"><valueString value="apply-publisher"/></extension><extension url="value"><valueString value="true"/></extension></extension><extension url="http://hl7.org/fhir/tools/StructureDefinition/ig-parameter"><extension url="code"><valueString value="apply-version"/></extension><extension url="value"><valueString value="true"/></extension></extension><extension url="http://hl7.org/fhir/tools/StructureDefinition/ig-parameter"><extension url="code"><valueString value="active-tables"/></extension><extension url="value"><valueString value="true"/></extension></extension><grouping id="_str_profile"><name value="Structures: Resource Profiles"/><description value="These define constraints on FHIR resources that need to be complied with by conformant implementations"/></grouping><grouping id="_ex_example"><name value="Example: Example Instances"/><description value="These are example instances that show what data produced and consumed by systems conforming with this implementation guide might look like"/></grouping><resource><extension url="http://hl7.org/fhir/StructureDefinition/implementationguide-page"><valueUri value="StructureDefinition-pacio-bfs.html"/></extension><reference><reference value="StructureDefinition/pacio-bfs"/></reference><name value="Bundled Functional Status"/><description value="An point in time bundle of functional status observations for a patient."/><exampleBoolean value="false"/><groupingId value="_str_profile"/></resource><resource><extension url="http://hl7.org/fhir/StructureDefinition/implementationguide-page"><valueUri value="StructureDefinition-pacio-fs.html"/></extension><reference><reference value="StructureDefinition/pacio-fs"/></reference><name value="Functional Status"/><description value="An exchange of functional status data for a patient."/><exampleBoolean value="false"/><groupingId value="_str_profile"/></resource><resource><extension url="http://hl7.org/fhir/StructureDefinition/implementationguide-page"><valueUri value="StructureDefinition-pacio-qr.html"/></extension><reference><reference value="StructureDefinition/pacio-qr"/></reference><name value="PACIO Questionaire Response"/><description value="A completed, or sections of a completed, CMS PAC assessment."/><exampleBoolean value="false"/><groupingId value="_str_profile"/></resource><resource><extension url="http://hl7.org/fhir/StructureDefinition/implementationguide-page"><valueUri value="Observation-BetsySmith.html"/></extension><reference><reference value="Observation/BetsySmith"/></reference><name value="BetsySmith"/><exampleCanonical value="http://pacioproject.org//StructureDefinition/pacio-bfs"/><groupingId value="_ex_example"/></resource><resource><extension url="http://hl7.org/fhir/StructureDefinition/implementationguide-page"><valueUri value="Observation-BetsySmithMDSEating.html"/></extension><reference><reference value="Observation/BetsySmithMDSEating"/></reference><name value="BetsySmithMDSEating"/><exampleCanonical value="http://pacioproject.org//StructureDefinition/pacio-fs"/><groupingId value="_ex_example"/></resource><resource><extension url="http://hl7.org/fhir/StructureDefinition/implementationguide-page"><valueUri value="Observation-BetsySmithMDSOralHygiene.html"/></extension><reference><reference value="Observation/BetsySmithMDSOralHygiene"/></reference><name value="BetsySmithMDSOralHygiene"/><exampleCanonical value="http://pacioproject.org//StructureDefinition/pacio-fs"/><groupingId value="_ex_example"/></resource><resource><extension url="http://hl7.org/fhir/StructureDefinition/implementationguide-page"><valueUri value="QuestionnaireResponse-BetsySmithMDSRespons.html"/></extension><reference><reference value="QuestionnaireResponse/BetsySmithMDSRespons"/></reference><name value="BetsySmithMDSRespons"/><exampleCanonical value="http://pacioproject.org//StructureDefinition/pacio-qr"/><groupingId value="_ex_example"/></resource><page><nameUrl value="toc.html"/><title value="Table of Contents"/><generation value="html"/><page><nameUrl value="index.html"/><title value="Home"/><generation value="markdown"/></page><page><nameUrl value="artifacts.html"/><title value="Artifacts Summary"/><generation value="html"/><page><nameUrl value="StructureDefinition-pacio-bfs.html"/><title value="Bundled Functional Status"/><generation value="generated"/></page><page><nameUrl value="StructureDefinition-pacio-fs.html"/><title value="Functional Status"/><generation value="generated"/></page><page><nameUrl value="StructureDefinition-pacio-qr.html"/><title value="PACIO Questionaire Response"/><generation value="generated"/></page><page><nameUrl value="Observation-BetsySmith.html"/><title value="BetsySmith"/><generation value="generated"/></page><page><nameUrl value="Observation-BetsySmithMDSEating.html"/><title value="BetsySmithMDSEating"/><generation value="generated"/></page><page><nameUrl value="Observation-BetsySmithMDSOralHygiene.html"/><title value="BetsySmithMDSOralHygiene"/><generation value="generated"/></page><page><nameUrl value="QuestionnaireResponse-BetsySmithMDSRespons.html"/><title value="BetsySmithMDSRespons"/><generation value="generated"/></page></page></page><parameter><code value="path-resource"/><value value="input/capabilities"/></parameter><parameter><code value="path-resource"/><value value="input/examples"/></parameter><parameter><code value="path-resource"/><value value="input/extensions"/></parameter><parameter><code value="path-resource"/><value value="input/models"/></parameter><parameter><code value="path-resource"/><value value="input/operations"/></parameter><parameter><code value="path-resource"/><value value="input/profiles"/></parameter><parameter><code value="path-resource"/><value value="input/resources"/></parameter><parameter><code value="path-resource"/><value value="input/vocabulary"/></parameter><parameter><code value="path-pages"/><value value="template/config"/></parameter><parameter><code value="path-pages"/><value value="input/images"/></parameter><parameter><code value="path-tx-cache"/><value value="input-cache/txcache"/></parameter></definition></ImplementationGuide>