<?xml version="1.0" encoding="UTF-8"?><StructureDefinition xmlns="http://hl7.org/fhir"><id value="obf-datatype-Timing"/><text><status value="generated"/><div xmlns="http://www.w3.org/1999/xhtml">
  <p><b>Timing Profile</b></p>
  <p>A timing schedule that specifies an event that may occur multiple times.
Timing offers a choice of multiple OccurrenceTime (used is used to specify specific times), or recurrence patterns.</p>
  <p><b>Mapping Summary</b></p>
  <p><pre>obf.datatype.Timing maps to Timing:
  OccurrenceTime maps to event
  TimingCode maps to code
  Repeat.RepeatBounds maps to repeat.bounds[x]
  Repeat.RepeatCount maps to repeat.count
  Repeat.RepeatCountMax maps to repeat.countMax
  Repeat.RepeatDuration maps to repeat.duration
  Repeat.RepeatDurationMax maps to repeat.durationMax
  Repeat.RepeatDurationUnit maps to repeat.durationUnit
  Repeat.RepeatFrequency maps to repeat.frequency
  Repeat.RepeatFrequencyMax maps to repeat.frequencyMax
  Repeat.RepeatPeriod maps to repeat.period
  Repeat.RepeatPeriodMax maps to repeat.periodMax
  Repeat.RepeatPeriodUnit maps to repeat.periodUnit
  Repeat.DayOfWeek maps to repeat.dayOfWeek
  Repeat.TimeOfDay maps to repeat.timeOfDay
  Repeat.DailyLifeEvent maps to repeat.when
  Repeat.DailyLifeEventOffset maps to repeat.offset
</pre></p>
</div></text><url value="http://hl7.org/fhir/us/PACIO-functional-cognitive-status/StructureDefinition/obf-datatype-Timing"/><version value="0.1.0"/><name value="Timing"/><title value="Timing"/><status value="active"/><date value="2020-01-29T00:00:00+00:00"/><publisher value="HL7 Patient Care WG and Community-Based Care and Privacy WG"/><contact><telecom><system value="url"/><value value="http://www.hl7.org/Special/committees/patientcare/"/></telecom><telecom><system value="url"/><value value="http://www.hl7.org/Special/committees/homehealth/"/></telecom></contact><description value="A timing schedule that specifies an event that may occur multiple times.&#xA;Timing offers a choice of multiple OccurrenceTime (used is used to specify specific times), or recurrence patterns."/><purpose value="Need to able to track proposed timing schedules. There are several different ways to do this: one or more specified times, a simple rules like three times a day, or  before/after meals."/><fhirVersion value="4.0.1"/><mapping><identity value="v2"/><uri value="http://hl7.org/v2"/><name value="HL7 v2 Mapping"/></mapping><mapping><identity value="rim"/><uri value="http://hl7.org/v3"/><name value="RIM Mapping"/></mapping><kind value="complex-type"/><abstract value="false"/><type value="Timing"/><baseDefinition value="http://hl7.org/fhir/StructureDefinition/Timing"/><derivation value="constraint"/><snapshot><element id="Timing"><extension url="http://hl7.org/fhir/StructureDefinition/structuredefinition-standards-status"><valueCode value="normative"/></extension><extension url="http://hl7.org/fhir/StructureDefinition/structuredefinition-normative-version"><valueCode value="4.0.0"/></extension><path value="Timing"/><short value="Timing"/><definition value="A timing schedule that specifies an event that may occur multiple times.&#xA;Timing offers a choice of multiple OccurrenceTime (used is used to specify specific times), or recurrence patterns."/><comment value="Describes the occurrence of an event that may occur multiple times. Timing schedules are used for specifying when events are expected or requested to occur, and may also be used to represent the summary of a past or ongoing event.  For simplicity, the definitions of Timing components are expressed as &#39;future&#39; events, but such components can also be used to describe historic or ongoing events.&#xA;&#xA;A Timing schedule can be a list of events and/or criteria for when the event happens, which can be expressed in a structured form and/or as a code. When both event and a repeating specification are provided, the list of events should be understood as an interpretation of the information in the repeat structure."/><min value="0"/><max value="*"/><base><path value="Timing"/><min value="0"/><max value="*"/></base><constraint><key value="ele-1"/><severity value="error"/><human value="All FHIR elements must have a @value or children"/><expression value="hasValue() or (children().count() &gt; id.count())"/><xpath value="@value|f:*|h:div"/><source value="http://hl7.org/fhir/StructureDefinition/Element"/></constraint><isModifier value="false"/><mapping><identity value="rim"/><map value="n/a"/></mapping><mapping><identity value="v2"/><map value="N/A"/></mapping><mapping><identity value="rim"/><map value="QSET&lt;TS&gt; (GTS)"/></mapping></element><element id="Timing.id"><path value="Timing.id"/><representation value="xmlAttr"/><short value="Unique id for inter-element referencing"/><definition value="Unique id for the element within a resource (for internal references). This may be any string value that does not contain spaces."/><min value="0"/><max value="1"/><base><path value="Element.id"/><min value="0"/><max value="1"/></base><type><extension url="http://hl7.org/fhir/StructureDefinition/structuredefinition-fhir-type"><valueUrl value="string"/></extension><code value="http://hl7.org/fhirpath/System.String"/></type><isModifier value="false"/><isSummary value="false"/><mapping><identity value="rim"/><map value="n/a"/></mapping></element><element id="Timing.extension"><path value="Timing.extension"/><slicing><discriminator><type value="value"/><path value="url"/></discriminator><description value="Extensions are always sliced by (at least) url"/><rules value="open"/></slicing><short value="Additional content defined by implementations"/><definition value="May be used to represent additional information that is not part of the basic definition of the element. To make the use of extensions safe and manageable, there is a strict set of governance  applied to the definition and use of extensions. Though any implementer can define an extension, there is a set of requirements that SHALL be met as part of the definition of the extension."/><comment value="There can be no stigma associated with the use of extensions by any application, project, or standard - regardless of the institution or jurisdiction that uses or defines the extensions.  The use of extensions is what allows the FHIR specification to retain a core level of simplicity for everyone."/><alias value="extensions"/><alias value="user content"/><min value="0"/><max value="*"/><base><path value="Element.extension"/><min value="0"/><max value="*"/></base><type><code value="Extension"/></type><constraint><key value="ele-1"/><severity value="error"/><human value="All FHIR elements must have a @value or children"/><expression value="hasValue() or (children().count() &gt; id.count())"/><xpath value="@value|f:*|h:div"/><source value="http://hl7.org/fhir/StructureDefinition/Element"/></constraint><constraint><key value="ext-1"/><severity value="error"/><human value="Must have either extensions or value[x], not both"/><expression value="extension.exists() != value.exists()"/><xpath value="exists(f:extension)!=exists(f:*[starts-with(local-name(.), &quot;value&quot;)])"/><source value="http://hl7.org/fhir/StructureDefinition/Extension"/></constraint><isModifier value="false"/><isSummary value="false"/><mapping><identity value="rim"/><map value="n/a"/></mapping></element><element id="Timing.modifierExtension"><path value="Timing.modifierExtension"/><short value="Extensions that cannot be ignored even if unrecognized"/><definition value="May be used to represent additional information that is not part of the basic definition of the element and that modifies the understanding of the element in which it is contained and/or the understanding of the containing element&#39;s descendants. Usually modifier elements provide negation or qualification. To make the use of extensions safe and manageable, there is a strict set of governance applied to the definition and use of extensions. Though any implementer can define an extension, there is a set of requirements that SHALL be met as part of the definition of the extension. Applications processing a resource are required to check for modifier extensions.&#xA;&#xA;Modifier extensions SHALL NOT change the meaning of any elements on Resource or DomainResource (including cannot change the meaning of modifierExtension itself)."/><comment value="There can be no stigma associated with the use of extensions by any application, project, or standard - regardless of the institution or jurisdiction that uses or defines the extensions.  The use of extensions is what allows the FHIR specification to retain a core level of simplicity for everyone."/><requirements value="Modifier extensions allow for extensions that *cannot* be safely ignored to be clearly distinguished from the vast majority of extensions which can be safely ignored.  This promotes interoperability by eliminating the need for implementers to prohibit the presence of extensions. For further information, see the [definition of modifier extensions](extensibility.html#modifierExtension)."/><alias value="extensions"/><alias value="user content"/><alias value="modifiers"/><min value="0"/><max value="*"/><base><path value="BackboneElement.modifierExtension"/><min value="0"/><max value="*"/></base><type><code value="Extension"/></type><constraint><key value="ele-1"/><severity value="error"/><human value="All FHIR elements must have a @value or children"/><expression value="hasValue() or (children().count() &gt; id.count())"/><xpath value="@value|f:*|h:div"/><source value="http://hl7.org/fhir/StructureDefinition/Element"/></constraint><constraint><key value="ext-1"/><severity value="error"/><human value="Must have either extensions or value[x], not both"/><expression value="extension.exists() != value.exists()"/><xpath value="exists(f:extension)!=exists(f:*[starts-with(local-name(.), &quot;value&quot;)])"/><source value="http://hl7.org/fhir/StructureDefinition/Extension"/></constraint><isModifier value="true"/><isModifierReason value="Modifier extensions are expected to modify the meaning or interpretation of the element that contains them"/><isSummary value="true"/><mapping><identity value="rim"/><map value="N/A"/></mapping></element><element id="Timing.event"><path value="Timing.event"/><short value="When the event occurs"/><definition value="Identifies specific times when the event occurs."/><requirements value="In a Medication Administration Record, for instance, you need to take a general specification, and turn it into a precise specification."/><min value="0"/><max value="*"/><base><path value="Timing.event"/><min value="0"/><max value="*"/></base><type><code value="dateTime"/></type><constraint><key value="ele-1"/><severity value="error"/><human value="All FHIR elements must have a @value or children"/><expression value="hasValue() or (children().count() &gt; id.count())"/><xpath value="@value|f:*|h:div"/><source value="http://hl7.org/fhir/StructureDefinition/Element"/></constraint><isModifier value="false"/><isSummary value="true"/><mapping><identity value="rim"/><map value="QLIST&lt;TS&gt;"/></mapping></element><element id="Timing.repeat"><path value="Timing.repeat"/><short value="When the event is to occur"/><definition value="A set of rules that describe when the event is scheduled."/><requirements value="Many timing schedules are determined by regular repetitions."/><min value="0"/><max value="1"/><base><path value="Timing.repeat"/><min value="0"/><max value="1"/></base><type><code value="Element"/></type><constraint><key value="ele-1"/><severity value="error"/><human value="All FHIR elements must have a @value or children"/><expression value="hasValue() or (children().count() &gt; id.count())"/><xpath value="@value|f:*|h:div"/><source value="http://hl7.org/fhir/StructureDefinition/Element"/></constraint><constraint><key value="tim-1"/><severity value="error"/><human value="if there&#39;s a duration, there needs to be duration units"/><expression value="duration.empty() or durationUnit.exists()"/><xpath value="not(exists(f:duration)) or exists(f:durationUnit)"/></constraint><constraint><key value="tim-2"/><severity value="error"/><human value="if there&#39;s a period, there needs to be period units"/><expression value="period.empty() or periodUnit.exists()"/><xpath value="not(exists(f:period)) or exists(f:periodUnit)"/></constraint><constraint><key value="tim-4"/><severity value="error"/><human value="duration SHALL be a non-negative value"/><expression value="duration.exists() implies duration &gt;= 0"/><xpath value="f:duration/@value &gt;= 0 or not(f:duration/@value)"/></constraint><constraint><key value="tim-5"/><severity value="error"/><human value="period SHALL be a non-negative value"/><expression value="period.exists() implies period &gt;= 0"/><xpath value="f:period/@value &gt;= 0 or not(f:period/@value)"/></constraint><constraint><key value="tim-6"/><severity value="error"/><human value="If there&#39;s a periodMax, there must be a period"/><expression value="periodMax.empty() or period.exists()"/><xpath value="not(exists(f:periodMax)) or exists(f:period)"/></constraint><constraint><key value="tim-7"/><severity value="error"/><human value="If there&#39;s a durationMax, there must be a duration"/><expression value="durationMax.empty() or duration.exists()"/><xpath value="not(exists(f:durationMax)) or exists(f:duration)"/></constraint><constraint><key value="tim-8"/><severity value="error"/><human value="If there&#39;s a countMax, there must be a count"/><expression value="countMax.empty() or count.exists()"/><xpath value="not(exists(f:countMax)) or exists(f:count)"/></constraint><constraint><key value="tim-9"/><severity value="error"/><human value="If there&#39;s an offset, there must be a when (and not C, CM, CD, CV)"/><expression value="offset.empty() or (when.exists() and ((when in (&#39;C&#39; | &#39;CM&#39; | &#39;CD&#39; | &#39;CV&#39;)).not()))"/><xpath value="not(exists(f:offset)) or exists(f:when)"/></constraint><constraint><key value="tim-10"/><severity value="error"/><human value="If there&#39;s a timeOfDay, there cannot be a when, or vice versa"/><expression value="timeOfDay.empty() or when.empty()"/><xpath value="not(exists(f:timeOfDay)) or not(exists(f:when))"/></constraint><isModifier value="false"/><isSummary value="true"/><mapping><identity value="rim"/><map value="Implies PIVL or EIVL"/></mapping></element><element id="Timing.repeat.id"><path value="Timing.repeat.id"/><representation value="xmlAttr"/><short value="Unique id for inter-element referencing"/><definition value="Unique id for the element within a resource (for internal references). This may be any string value that does not contain spaces."/><min value="0"/><max value="1"/><base><path value="Element.id"/><min value="0"/><max value="1"/></base><type><extension url="http://hl7.org/fhir/StructureDefinition/structuredefinition-fhir-type"><valueUrl value="string"/></extension><code value="http://hl7.org/fhirpath/System.String"/></type><isModifier value="false"/><isSummary value="false"/><mapping><identity value="rim"/><map value="n/a"/></mapping></element><element id="Timing.repeat.extension"><path value="Timing.repeat.extension"/><slicing><discriminator><type value="value"/><path value="url"/></discriminator><description value="Extensions are always sliced by (at least) url"/><rules value="open"/></slicing><short value="Additional content defined by implementations"/><definition value="May be used to represent additional information that is not part of the basic definition of the element. To make the use of extensions safe and manageable, there is a strict set of governance  applied to the definition and use of extensions. Though any implementer can define an extension, there is a set of requirements that SHALL be met as part of the definition of the extension."/><comment value="There can be no stigma associated with the use of extensions by any application, project, or standard - regardless of the institution or jurisdiction that uses or defines the extensions.  The use of extensions is what allows the FHIR specification to retain a core level of simplicity for everyone."/><alias value="extensions"/><alias value="user content"/><min value="0"/><max value="*"/><base><path value="Element.extension"/><min value="0"/><max value="*"/></base><type><code value="Extension"/></type><constraint><key value="ele-1"/><severity value="error"/><human value="All FHIR elements must have a @value or children"/><expression value="hasValue() or (children().count() &gt; id.count())"/><xpath value="@value|f:*|h:div"/><source value="http://hl7.org/fhir/StructureDefinition/Element"/></constraint><constraint><key value="ext-1"/><severity value="error"/><human value="Must have either extensions or value[x], not both"/><expression value="extension.exists() != value.exists()"/><xpath value="exists(f:extension)!=exists(f:*[starts-with(local-name(.), &quot;value&quot;)])"/><source value="http://hl7.org/fhir/StructureDefinition/Extension"/></constraint><isModifier value="false"/><isSummary value="false"/><mapping><identity value="rim"/><map value="n/a"/></mapping></element><element id="Timing.repeat.bounds[x]"><path value="Timing.repeat.bounds[x]"/><short value="Length/Range of lengths, or (Start and/or end) limits"/><definition value="Either a duration for the length of the timing schedule, a range of possible length, or outer bounds for start and/or end limits of the timing schedule."/><min value="0"/><max value="1"/><base><path value="Timing.repeat.bounds[x]"/><min value="0"/><max value="1"/></base><type><code value="Duration"/><profile value="http://hl7.org/fhir/us/PACIO-functional-cognitive-status/StructureDefinition/obf-datatype-Duration"/></type><type><code value="Range"/></type><type><code value="Period"/></type><constraint><key value="ele-1"/><severity value="error"/><human value="All FHIR elements must have a @value or children"/><expression value="hasValue() or (children().count() &gt; id.count())"/><xpath value="@value|f:*|h:div"/><source value="http://hl7.org/fhir/StructureDefinition/Element"/></constraint><isModifier value="false"/><isSummary value="true"/><mapping><identity value="rim"/><map value="IVL(TS) used in a QSI"/></mapping></element><element id="Timing.repeat.count"><path value="Timing.repeat.count"/><short value="Number of times to repeat"/><definition value="A total count of the desired number of repetitions across the duration of the entire timing specification. If countMax is present, this element indicates the lower bound of the allowed range of count values."/><comment value="If you have both bounds and count, then this should be understood as within the bounds period, until count times happens."/><requirements value="Repetitions may be limited by end time or total occurrences."/><min value="0"/><max value="1"/><base><path value="Timing.repeat.count"/><min value="0"/><max value="1"/></base><type><code value="positiveInt"/></type><constraint><key value="ele-1"/><severity value="error"/><human value="All FHIR elements must have a @value or children"/><expression value="hasValue() or (children().count() &gt; id.count())"/><xpath value="@value|f:*|h:div"/><source value="http://hl7.org/fhir/StructureDefinition/Element"/></constraint><isModifier value="false"/><isSummary value="true"/><mapping><identity value="rim"/><map value="PIVL.count"/></mapping></element><element id="Timing.repeat.countMax"><path value="Timing.repeat.countMax"/><short value="Maximum number of times to repeat"/><definition value="If present, indicates that the count is a range - so to perform the action between [count] and [countMax] times."/><min value="0"/><max value="1"/><base><path value="Timing.repeat.countMax"/><min value="0"/><max value="1"/></base><type><code value="positiveInt"/></type><constraint><key value="ele-1"/><severity value="error"/><human value="All FHIR elements must have a @value or children"/><expression value="hasValue() or (children().count() &gt; id.count())"/><xpath value="@value|f:*|h:div"/><source value="http://hl7.org/fhir/StructureDefinition/Element"/></constraint><isModifier value="false"/><isSummary value="true"/><mapping><identity value="rim"/><map value="PIVL.count"/></mapping></element><element id="Timing.repeat.duration"><path value="Timing.repeat.duration"/><short value="How long when it happens"/><definition value="How long this thing happens for when it happens. If durationMax is present, this element indicates the lower bound of the allowed range of the duration."/><comment value="For some events the duration is part of the definition of the event (e.g. IV infusions, where the duration is implicit in the specified quantity and rate). For others, it&#39;s part of the timing specification (e.g. exercise)."/><requirements value="Some activities are not instantaneous and need to be maintained for a period of time."/><min value="0"/><max value="1"/><base><path value="Timing.repeat.duration"/><min value="0"/><max value="1"/></base><type><code value="decimal"/></type><constraint><key value="ele-1"/><severity value="error"/><human value="All FHIR elements must have a @value or children"/><expression value="hasValue() or (children().count() &gt; id.count())"/><xpath value="@value|f:*|h:div"/><source value="http://hl7.org/fhir/StructureDefinition/Element"/></constraint><isModifier value="false"/><isSummary value="true"/><mapping><identity value="rim"/><map value="PIVL.phase"/></mapping></element><element id="Timing.repeat.durationMax"><path value="Timing.repeat.durationMax"/><short value="How long when it happens (Max)"/><definition value="If present, indicates that the duration is a range - so to perform the action between [duration] and [durationMax] time length."/><comment value="For some events the duration is part of the definition of the event (e.g. IV infusions, where the duration is implicit in the specified quantity and rate). For others, it&#39;s part of the timing specification (e.g. exercise)."/><requirements value="Some activities are not instantaneous and need to be maintained for a period of time."/><min value="0"/><max value="1"/><base><path value="Timing.repeat.durationMax"/><min value="0"/><max value="1"/></base><type><code value="decimal"/></type><constraint><key value="ele-1"/><severity value="error"/><human value="All FHIR elements must have a @value or children"/><expression value="hasValue() or (children().count() &gt; id.count())"/><xpath value="@value|f:*|h:div"/><source value="http://hl7.org/fhir/StructureDefinition/Element"/></constraint><isModifier value="false"/><isSummary value="true"/><mapping><identity value="rim"/><map value="PIVL.phase"/></mapping></element><element id="Timing.repeat.durationUnit"><path value="Timing.repeat.durationUnit"/><short value="s | min | h | d | wk | mo | a - unit of time (UCUM)"/><definition value="The units of time for the duration, in UCUM units."/><min value="0"/><max value="1"/><base><path value="Timing.repeat.durationUnit"/><min value="0"/><max value="1"/></base><type><code value="code"/></type><constraint><key value="ele-1"/><severity value="error"/><human value="All FHIR elements must have a @value or children"/><expression value="hasValue() or (children().count() &gt; id.count())"/><xpath value="@value|f:*|h:div"/><source value="http://hl7.org/fhir/StructureDefinition/Element"/></constraint><isModifier value="false"/><isSummary value="true"/><binding><extension url="http://hl7.org/fhir/StructureDefinition/elementdefinition-bindingName"><valueString value="UnitsOfTime"/></extension><strength value="required"/><description value="A unit of time (units from UCUM)."/><valueSet value="http://hl7.org/fhir/ValueSet/units-of-time|4.0.1"/></binding><mapping><identity value="rim"/><map value="PIVL.phase.unit"/></mapping></element><element id="Timing.repeat.frequency"><path value="Timing.repeat.frequency"/><short value="Event occurs frequency times per period"/><definition value="The number of times to repeat the action within the specified period. If frequencyMax is present, this element indicates the lower bound of the allowed range of the frequency."/><min value="0"/><max value="1"/><base><path value="Timing.repeat.frequency"/><min value="0"/><max value="1"/></base><type><code value="positiveInt"/></type><meaningWhenMissing value="If no frequency is stated, the assumption is that the event occurs once per period, but systems SHOULD always be specific about this"/><constraint><key value="ele-1"/><severity value="error"/><human value="All FHIR elements must have a @value or children"/><expression value="hasValue() or (children().count() &gt; id.count())"/><xpath value="@value|f:*|h:div"/><source value="http://hl7.org/fhir/StructureDefinition/Element"/></constraint><isModifier value="false"/><isSummary value="true"/><mapping><identity value="rim"/><map value="PIVL.phase"/></mapping></element><element id="Timing.repeat.frequencyMax"><path value="Timing.repeat.frequencyMax"/><short value="Event occurs up to frequencyMax times per period"/><definition value="If present, indicates that the frequency is a range - so to repeat between [frequency] and [frequencyMax] times within the period or period range."/><min value="0"/><max value="1"/><base><path value="Timing.repeat.frequencyMax"/><min value="0"/><max value="1"/></base><type><code value="positiveInt"/></type><constraint><key value="ele-1"/><severity value="error"/><human value="All FHIR elements must have a @value or children"/><expression value="hasValue() or (children().count() &gt; id.count())"/><xpath value="@value|f:*|h:div"/><source value="http://hl7.org/fhir/StructureDefinition/Element"/></constraint><isModifier value="false"/><isSummary value="true"/><mapping><identity value="rim"/><map value="PIVL.phase"/></mapping></element><element id="Timing.repeat.period"><path value="Timing.repeat.period"/><short value="Event occurs frequency times per period"/><definition value="Indicates the duration of time over which repetitions are to occur; e.g. to express &quot;3 times per day&quot;, 3 would be the frequency and &quot;1 day&quot; would be the period. If periodMax is present, this element indicates the lower bound of the allowed range of the period length."/><min value="0"/><max value="1"/><base><path value="Timing.repeat.period"/><min value="0"/><max value="1"/></base><type><code value="decimal"/></type><constraint><key value="ele-1"/><severity value="error"/><human value="All FHIR elements must have a @value or children"/><expression value="hasValue() or (children().count() &gt; id.count())"/><xpath value="@value|f:*|h:div"/><source value="http://hl7.org/fhir/StructureDefinition/Element"/></constraint><isModifier value="false"/><isSummary value="true"/><mapping><identity value="rim"/><map value="PIVL.phase"/></mapping></element><element id="Timing.repeat.periodMax"><path value="Timing.repeat.periodMax"/><short value="Upper limit of period (3-4 hours)"/><definition value="If present, indicates that the period is a range from [period] to [periodMax], allowing expressing concepts such as &quot;do this once every 3-5 days."/><min value="0"/><max value="1"/><base><path value="Timing.repeat.periodMax"/><min value="0"/><max value="1"/></base><type><code value="decimal"/></type><constraint><key value="ele-1"/><severity value="error"/><human value="All FHIR elements must have a @value or children"/><expression value="hasValue() or (children().count() &gt; id.count())"/><xpath value="@value|f:*|h:div"/><source value="http://hl7.org/fhir/StructureDefinition/Element"/></constraint><isModifier value="false"/><isSummary value="true"/><mapping><identity value="rim"/><map value="PIVL.phase"/></mapping></element><element id="Timing.repeat.periodUnit"><path value="Timing.repeat.periodUnit"/><short value="s | min | h | d | wk | mo | a - unit of time (UCUM)"/><definition value="The units of time for the period in UCUM units."/><min value="0"/><max value="1"/><base><path value="Timing.repeat.periodUnit"/><min value="0"/><max value="1"/></base><type><code value="code"/></type><constraint><key value="ele-1"/><severity value="error"/><human value="All FHIR elements must have a @value or children"/><expression value="hasValue() or (children().count() &gt; id.count())"/><xpath value="@value|f:*|h:div"/><source value="http://hl7.org/fhir/StructureDefinition/Element"/></constraint><isModifier value="false"/><isSummary value="true"/><binding><extension url="http://hl7.org/fhir/StructureDefinition/elementdefinition-bindingName"><valueString value="UnitsOfTime"/></extension><strength value="required"/><description value="A unit of time (units from UCUM)."/><valueSet value="http://hl7.org/fhir/ValueSet/units-of-time|4.0.1"/></binding><mapping><identity value="rim"/><map value="PIVL.phase.unit"/></mapping></element><element id="Timing.repeat.dayOfWeek"><path value="Timing.repeat.dayOfWeek"/><short value="mon | tue | wed | thu | fri | sat | sun"/><definition value="If one or more days of week is provided, then the action happens only on the specified day(s)."/><comment value="If no days are specified, the action is assumed to happen every day as otherwise specified. The elements frequency and period cannot be used as well as dayOfWeek."/><min value="0"/><max value="*"/><base><path value="Timing.repeat.dayOfWeek"/><min value="0"/><max value="*"/></base><type><code value="code"/></type><constraint><key value="ele-1"/><severity value="error"/><human value="All FHIR elements must have a @value or children"/><expression value="hasValue() or (children().count() &gt; id.count())"/><xpath value="@value|f:*|h:div"/><source value="http://hl7.org/fhir/StructureDefinition/Element"/></constraint><isModifier value="false"/><isSummary value="true"/><binding><extension url="http://hl7.org/fhir/StructureDefinition/elementdefinition-bindingName"><valueString value="DayOfWeek"/></extension><strength value="required"/><valueSet value="http://hl7.org/fhir/ValueSet/days-of-week|4.0.1"/></binding><mapping><identity value="rim"/><map value="n/a"/></mapping></element><element id="Timing.repeat.timeOfDay"><path value="Timing.repeat.timeOfDay"/><short value="Time of day for action"/><definition value="Specified time of day for action to take place."/><comment value="When time of day is specified, it is inferred that the action happens every day (as filtered by dayofWeek) on the specified times. The elements when, frequency and period cannot be used as well as timeOfDay."/><min value="0"/><max value="*"/><base><path value="Timing.repeat.timeOfDay"/><min value="0"/><max value="*"/></base><type><code value="time"/></type><constraint><key value="ele-1"/><severity value="error"/><human value="All FHIR elements must have a @value or children"/><expression value="hasValue() or (children().count() &gt; id.count())"/><xpath value="@value|f:*|h:div"/><source value="http://hl7.org/fhir/StructureDefinition/Element"/></constraint><isModifier value="false"/><isSummary value="true"/><mapping><identity value="rim"/><map value="n/a"/></mapping></element><element id="Timing.repeat.when"><path value="Timing.repeat.when"/><short value="Code for time period of occurrence"/><definition value="An approximate time period during the day, potentially linked to an event of daily living that indicates when the action should occur."/><comment value="When more than one event is listed, the event is tied to the union of the specified events."/><requirements value="Timings are frequently determined by occurrences such as waking, eating and sleep."/><min value="0"/><max value="*"/><base><path value="Timing.repeat.when"/><min value="0"/><max value="*"/></base><type><code value="code"/></type><constraint><key value="ele-1"/><severity value="error"/><human value="All FHIR elements must have a @value or children"/><expression value="hasValue() or (children().count() &gt; id.count())"/><xpath value="@value|f:*|h:div"/><source value="http://hl7.org/fhir/StructureDefinition/Element"/></constraint><isModifier value="false"/><isSummary value="true"/><binding><extension url="http://hl7.org/fhir/StructureDefinition/elementdefinition-bindingName"><valueString value="EventTiming"/></extension><strength value="required"/><description value="Real world event relating to the schedule."/><valueSet value="http://hl7.org/fhir/ValueSet/event-timing|4.0.1"/></binding><mapping><identity value="rim"/><map value="EIVL.event"/></mapping></element><element id="Timing.repeat.offset"><path value="Timing.repeat.offset"/><short value="Minutes from event (before or after)"/><definition value="The number of minutes from the event. If the event code does not indicate whether the minutes is before or after the event, then the offset is assumed to be after the event."/><min value="0"/><max value="1"/><base><path value="Timing.repeat.offset"/><min value="0"/><max value="1"/></base><type><code value="unsignedInt"/></type><constraint><key value="ele-1"/><severity value="error"/><human value="All FHIR elements must have a @value or children"/><expression value="hasValue() or (children().count() &gt; id.count())"/><xpath value="@value|f:*|h:div"/><source value="http://hl7.org/fhir/StructureDefinition/Element"/></constraint><isModifier value="false"/><isSummary value="true"/><mapping><identity value="rim"/><map value="EIVL.offset"/></mapping></element><element id="Timing.code"><path value="Timing.code"/><short value="BID | TID | QID | AM | PM | QD | QOD | +"/><definition value="A code for the timing schedule (or just text in code.text). Some codes such as BID are ubiquitous, but many institutions define their own additional codes. If a code is provided, the code is understood to be a complete statement of whatever is specified in the structured timing data, and either the code or the data may be used to interpret the Timing, with the exception that .repeat.bounds still applies over the code (and is not contained in the code)."/><comment value="BID etc. are defined as &#39;at institutionally specified times&#39;. For example, an institution may choose that BID is &quot;always at 7am and 6pm&quot;.  If it is inappropriate for this choice to be made, the code BID should not be used. Instead, a distinct organization-specific code should be used in place of the HL7-defined BID code and/or a structured representation should be used (in this case, specifying the two event times)."/><min value="0"/><max value="1"/><base><path value="Timing.code"/><min value="0"/><max value="1"/></base><type><code value="CodeableConcept"/></type><constraint><key value="ele-1"/><severity value="error"/><human value="All FHIR elements must have a @value or children"/><expression value="hasValue() or (children().count() &gt; id.count())"/><xpath value="@value|f:*|h:div"/><source value="http://hl7.org/fhir/StructureDefinition/Element"/></constraint><isModifier value="false"/><isSummary value="true"/><binding><extension url="http://hl7.org/fhir/StructureDefinition/elementdefinition-bindingName"><valueString value="TimingAbbreviation"/></extension><strength value="extensible"/><description value="Code for a known / defined timing pattern."/><valueSet value="http://hl7.org/fhir/ValueSet/timing-abbreviation"/></binding><mapping><identity value="rim"/><map value="QSC.code"/></mapping></element></snapshot><differential><element id="Timing"><path value="Timing"/><short value="Timing"/><definition value="A timing schedule that specifies an event that may occur multiple times.&#xA;Timing offers a choice of multiple OccurrenceTime (used is used to specify specific times), or recurrence patterns."/><isModifier value="false"/></element><element id="Timing.repeat"><path value="Timing.repeat"/></element><element id="Timing.repeat.bounds[x]"><path value="Timing.repeat.bounds[x]"/><type><code value="Duration"/><profile value="http://hl7.org/fhir/us/PACIO-functional-cognitive-status/StructureDefinition/obf-datatype-Duration"/></type><type><code value="Range"/></type><type><code value="Period"/></type></element><element id="Timing.code"><path value="Timing.code"/><binding><extension url="http://hl7.org/fhir/StructureDefinition/elementdefinition-bindingName"><valueString value="TimingAbbreviation"/></extension><strength value="extensible"/><description value="Code for a known / defined timing pattern."/><valueSet value="http://hl7.org/fhir/ValueSet/timing-abbreviation"/></binding></element></differential></StructureDefinition>