<?xml version="1.0" encoding="UTF-8"?><ValueSet xmlns="http://hl7.org/fhir"><id value="shr-core-GestationalTimePeriodVS"/><text><status value="generated"/><div xmlns="http://www.w3.org/1999/xhtml">
<p><b>GestationalTimePeriodVS ValueSet</b></p>
<p>Time periods of pregnancy</p>
</div></text><url value="http://hl7.org/fhir/us/PACIO-functional-status/ValueSet/shr-core-GestationalTimePeriodVS"/><version value="0.1.0"/><name value="GestationalTimePeriodVS"/><title value="Gestational Time Period VS"/><status value="draft"/><date value="2019-12-04T00:00:00+00:00"/><publisher value="HL7 Patient Care WG and Community-Based Care and Privacy WG"/><contact><telecom><system value="url"/><value value="http://www.hl7.org/Special/committees/patientcare/"/></telecom><telecom><system value="url"/><value value="http://www.hl7.org/Special/committees/homehealth/"/></telecom></contact><description value="Time periods of pregnancy"/><compose><include><system value="http://ncimeta.nci.nih.gov"/><concept><code value="C0032979"/><display value="Pregnancy Trimester, First"/></concept><concept><code value="C0032980"/><display value="Pregnancy Trimester, Second"/></concept><concept><code value="C0032981"/><display value="Pregnancy Trimester, Third"/></concept><concept><code value="C0747967"/><display value="PRIOR TO CONCEPTION"/></concept><concept><code value="C0585037"/><display value="Entire pregnancy time period"/></concept><concept><code value="C1839947"/><display value="Birth-newborn period"/></concept></include></compose></ValueSet>