<?xml version="1.0" encoding="UTF-8"?><ValueSet xmlns="http://hl7.org/fhir"><id value="obf-StudyArmTypeVS"/><text><status value="generated"/><div xmlns="http://www.w3.org/1999/xhtml">
<p><b>StudyArmTypeVS ValueSet</b></p>
<p>The role of each arm in the clinical trial.

FHIR is currently unable to handle values from NCI Thesaurus, so no values are listed in the Expansion, below. The values ARE in the downloads. For convenience, here is a listing of values in this value set:
NCIT#C94487     &#39;Intervention Group&#39;
NCIT#C68609     &#39;Active Comparator&#39;
NCIT#C49648     &#39;Placebo Control&#39;
NCIT#C116527    &#39;Sham Intervention&#39;
</p>
</div></text><url value="http://hl7.org/fhir/us/PACIO-functional-status/obf/vs/StudyArmTypeVS"/><version value="0.1.0"/><name value="StudyArmTypeVS"/><title value="Study Arm Type VS"/><status value="draft"/><date value="2020-02-14T00:00:00+00:00"/><publisher value="HL7 Patient Care WG and Community-Based Care and Privacy WG"/><contact><telecom><system value="url"/><value value="http://www.hl7.org/Special/committees/patientcare/"/></telecom><telecom><system value="url"/><value value="http://www.hl7.org/Special/committees/homehealth/"/></telecom></contact><description value="The role of each arm in the clinical trial.&#xA;&#xA;FHIR is currently unable to handle values from NCI Thesaurus, so no values are listed in the Expansion, below. The values ARE in the downloads. For convenience, here is a listing of values in this value set:&#xA;NCIT#C94487     &#39;Intervention Group&#39;&#xA;NCIT#C68609     &#39;Active Comparator&#39;&#xA;NCIT#C49648     &#39;Placebo Control&#39;&#xA;NCIT#C116527    &#39;Sham Intervention&#39;"/><compose><include><system value="https://ncit.nci.nih.gov"/><concept><code value="C94487"/><display value="Intervention Group"/></concept><concept><code value="C68609"/><display value="Active Comparator"/></concept><concept><code value="C49648"/><display value="Placebo Control"/></concept><concept><code value="C116527"/><display value="Sham Intervention"/></concept></include></compose></ValueSet>