<?xml version="1.0" encoding="UTF-8"?><ValueSet xmlns="http://hl7.org/fhir"><id value="shr-core-GradedFrequencyVS"/><text><status value="generated"/><div xmlns="http://www.w3.org/1999/xhtml">
<p><b>GradedFrequencyVS ValueSet</b></p>
<p>Answers to &#39;how often&#39; questions. A 5-value qualitative scale of frequency of an event equivalent to LL1016-6, LL1024-0, LL346-8.</p>
</div></text><url value="http://hl7.org/fhir/us/PACIO-functional-status/ValueSet/shr-core-GradedFrequencyVS"/><version value="0.1.0"/><name value="GradedFrequencyVS"/><title value="GradedFrequencyVS"/><status value="draft"/><date value="2019-11-27T00:00:00-05:00"/><publisher value="HL7 Patient Care WG and Community-Based Care and Privacy WG"/><contact><telecom><system value="url"/><value value="http://www.hl7.org/Special/committees/patientcare/"/></telecom><telecom><system value="url"/><value value="http://www.hl7.org/Special/committees/homehealth/"/></telecom></contact><description value="Answers to &#39;how often&#39; questions. A 5-value qualitative scale of frequency of an event equivalent to LL1016-6, LL1024-0, LL346-8."/><compose><include><system value="http://snomed.info/sct"/><concept><code value="444841000124107"/><display value="Never (none of the time)"/></concept><concept><code value="444891000124103"/><display value="Rarely, infrequently"/></concept><concept><code value="444901000124104"/><display value="Some of the time (sometimes)"/></concept><concept><code value="70232002"/><display value="Frequently (often)"/></concept><concept><code value="444961000124103"/><display value="Most of the time (almost always)"/></concept><concept><code value="255238004"/><display value="Continuously"/></concept><concept><code value="42425007"/><display value="Equivocal. Equivocal represents a borderline value, too close to call; for example, a value very close to a cut-off between positive and negative."/></concept><concept><code value="82334004"/><display value="Indeterminate. Indeterminate means the results were uninterpretable, or cannot be determined; technical issues prevented obtaining a valid result."/></concept></include></compose></ValueSet>