<?xml version="1.0" encoding="UTF-8"?><ValueSet xmlns="http://hl7.org/fhir"><id value="shr-core-UnitsOfLengthVS"/><text><status value="generated"/><div xmlns="http://www.w3.org/1999/xhtml">
<p><b>UnitsOfLengthVS ValueSet</b></p>
<p>Units of measure related to length or distance.</p>
</div></text><url value="http://hl7.org/fhir/us/PACIO-functional-status/ValueSet/shr-core-UnitsOfLengthVS"/><version value="0.1.0"/><name value="UnitsOfLengthVS"/><title value="Units Of Length VS"/><status value="draft"/><date value="2019-12-04T00:00:00+00:00"/><publisher value="HL7 Patient Care WG and Community-Based Care and Privacy WG"/><contact><telecom><system value="url"/><value value="http://www.hl7.org/Special/committees/patientcare/"/></telecom><telecom><system value="url"/><value value="http://www.hl7.org/Special/committees/homehealth/"/></telecom></contact><description value="Units of measure related to length or distance."/><compose><include><system value="http://unitsofmeasure.org"/><concept><code value="pm"/><display value="Picometer"/></concept><concept><code value="nm"/><display value="Nanometer"/></concept><concept><code value="mm"/><display value="Millimeter"/></concept><concept><code value="cm"/><display value="Centimeter"/></concept><concept><code value="m"/><display value="Meter"/></concept><concept><code value="ft-us"/><display value="Foot"/></concept><concept><code value="in-us"/><display value="Inch"/></concept></include></compose></ValueSet>