<?xml version="1.0" encoding="UTF-8"?><ValueSet xmlns="http://hl7.org/fhir"><id value="obf-datatype-AnatomicalDirectionVS"/><text><status value="generated"/><div xmlns="http://www.w3.org/1999/xhtml">
<p><b>AnatomicalDirectionVS ValueSet</b></p>
<p>Terms that specify anatomical direction.</p>
</div></text><url value="http://hl7.org/fhir/us/PACIO-functional-status/obf/datatype/vs/AnatomicalDirectionVS"/><version value="0.1.0"/><name value="AnatomicalDirectionVS"/><title value="Anatomical Direction VS"/><status value="draft"/><date value="2019-12-19T00:00:00+00:00"/><publisher value="HL7 Patient Care WG and Community-Based Care and Privacy WG"/><contact><telecom><system value="url"/><value value="http://www.hl7.org/Special/committees/patientcare/"/></telecom><telecom><system value="url"/><value value="http://www.hl7.org/Special/committees/homehealth/"/></telecom></contact><description value="Terms that specify anatomical direction."/><compose><include><system value="http://snomed.info/sct"/><filter><property value="concept"/><op value="is-a"/><value value="272424004"/></filter></include></compose></ValueSet>