<?xml version="1.0" encoding="UTF-8"?>

<ImplementationGuide xmlns="http://hl7.org/fhir">
  <id value="hl7.fhir.us.PACIO-functional-status"/>
  <text>
    <status value="generated"/><div xmlns="http://www.w3.org/1999/xhtml"><h2>PACIO_Functional_Status</h2><p>The official URL for this implementation guide is: </p><pre>http://hl7.org/fhir/us/PACIO-functional-cognitive-status/ImplementationGuide/hl7.fhir.us.PACIO-functional-status</pre></div>
  </text>
  <url value="http://hl7.org/fhir/us/PACIO-functional-cognitive-status/ImplementationGuide/hl7.fhir.us.PACIO-functional-status"/>
  <version value="0.1.0"/>
  <name value="PACIO_Functional_Status"/>
  <title value="PACIO Functional Status"/>
  <status value="draft"/>
  <date value="2020-01-29T19:03:32+00:00"/>
  <publisher value="HL7 Patient Care WG and Community-Based Care and Privacy WG"/>
  <contact>
    <telecom>
      <system value="url"/>
      <value value="http://www.hl7.org/Special/committees/patientcare/"/>
    </telecom>
    <telecom>
      <system value="url"/>
      <value value="http://www.hl7.org/Special/committees/homehealth/"/>
    </telecom>
  </contact>
  <packageId value="hl7.fhir.us.PACIO-functional-status"/>
  <license value="CC0-1.0"/>
  <fhirVersion value="4.0.0"/>
  <dependsOn>
    <uri value="http://hl7.org/fhir/us/core"/>
    <packageId value="hl7.fhir.us.core"/>
    <version value="3.0.0"/>
  </dependsOn>
  <definition>
    <grouping>
      <name value="Profiles in this Implementation Guide"/>
      <description value="Profiles in this Implementation Guide"/>
    </grouping>
    <resource>
      <extension url="http://hl7.org/fhir/tools/StructureDefinition/resource-information">
        <valueString value="StructureDefinition:resource"/>
      </extension>
      <extension url="http://hl7.org/fhir/StructureDefinition/implementationguide-page">
        <valueUri value="StructureDefinition-pacio-fs-FunctionalStatus.html"/>
      </extension>
      <reference>
        <reference value="StructureDefinition/pacio-fs-FunctionalStatus"/>
      </reference>
      <name value="Functional Status"/>
      <exampleBoolean value="false"/>
    </resource>
    <resource>
      <extension url="http://hl7.org/fhir/tools/StructureDefinition/resource-information">
        <valueString value="StructureDefinition:complex-type"/>
      </extension>
      <extension url="http://hl7.org/fhir/StructureDefinition/implementationguide-page">
        <valueUri value="StructureDefinition-obf-NationalProviderIdentifier.html"/>
      </extension>
      <reference>
        <reference value="StructureDefinition/obf-NationalProviderIdentifier"/>
      </reference>
      <name value="National Provider Identifier"/>
      <exampleBoolean value="false"/>
    </resource>
    <resource>
      <extension url="http://hl7.org/fhir/tools/StructureDefinition/resource-information">
        <valueString value="StructureDefinition:resource"/>
      </extension>
      <extension url="http://hl7.org/fhir/StructureDefinition/implementationguide-page">
        <valueUri value="StructureDefinition-obf-Organization.html"/>
      </extension>
      <reference>
        <reference value="StructureDefinition/obf-Organization"/>
      </reference>
      <name value="Organization"/>
      <exampleBoolean value="false"/>
    </resource>
    <resource>
      <extension url="http://hl7.org/fhir/tools/StructureDefinition/resource-information">
        <valueString value="StructureDefinition:resource"/>
      </extension>
      <extension url="http://hl7.org/fhir/StructureDefinition/implementationguide-page">
        <valueUri value="StructureDefinition-obf-Patient.html"/>
      </extension>
      <reference>
        <reference value="StructureDefinition/obf-Patient"/>
      </reference>
      <name value="Patient"/>
      <exampleBoolean value="false"/>
    </resource>
    <resource>
      <extension url="http://hl7.org/fhir/tools/StructureDefinition/resource-information">
        <valueString value="StructureDefinition:resource"/>
      </extension>
      <extension url="http://hl7.org/fhir/StructureDefinition/implementationguide-page">
        <valueUri value="StructureDefinition-obf-Practitioner.html"/>
      </extension>
      <reference>
        <reference value="StructureDefinition/obf-Practitioner"/>
      </reference>
      <name value="Practitioner"/>
      <exampleBoolean value="false"/>
    </resource>
    <resource>
      <extension url="http://hl7.org/fhir/tools/StructureDefinition/resource-information">
        <valueString value="StructureDefinition:complex-type"/>
      </extension>
      <extension url="http://hl7.org/fhir/StructureDefinition/implementationguide-page">
        <valueUri value="StructureDefinition-obf-TaxIdentificationNumber.html"/>
      </extension>
      <reference>
        <reference value="StructureDefinition/obf-TaxIdentificationNumber"/>
      </reference>
      <name value="Tax Identification Number"/>
      <exampleBoolean value="false"/>
    </resource>
    <page>
      <nameUrl value="index.html"/>
      <title value="PACIO Functional Status"/>
      <generation value="html"/>
    </page>
  </definition>
</ImplementationGuide>