{
  "resourceType": "StructureDefinition",
  "id": "obf-datatype-AnatomicalOrientation-extension",
  "text": {
    "status": "generated",
    "div": "<div xmlns=\"http://www.w3.org/1999/xhtml\">\n  <p><b>AnatomicalOrientation Extension</b></p>\n  <p>AnatomicalOrientation of the body location, if needed to distinguish from a similar location in another orientation.\nThe orientation element is part of BodyLocation, a flexible structure that allows the location to be determined by a single code, or a code plus laterality and/or orientation. The body location can also be specified in relation to one or more body landmarks. SNOMED CT is used in all cases.\n\n* Code only: The code should include (precoordinate) laterality and/orientation to the degree necessary to completely specify the body location.\n* Code plus laterality and/or orientation: The basic code augmented by codes specifying the body side and/or anatomical orientation.\n* Relation to landmark: The location relative to a landmark is specified by:\n1. Establishing the location and type of landmark using a body site code and optional laterality/orientation, and\n2. Specifying the direction and distance from the landmark to the body location.\n\nNote that BodyLocation is a data type (a reusable structure), not a stand-alone entity. The concept is similar to how a postal address can apply to a person, location, or organization. This contrasts with FHIR's stand-alone BodySite (aka BodyStructure in r4) which 'is not ... intended for describing the type of anatomical location but rather a specific body site on a specific patient' (FHIR 3.5).</p>\n</div>"
  },
  "url": "http://hl7.org/fhir/us/PACIO-functional-cognitive-status/StructureDefinition/obf-datatype-AnatomicalOrientation-extension",
  "version": "0.1.0",
  "name": "AnatomicalOrientation",
  "title": "Anatomical Orientation",
  "status": "draft",
  "date": "2020-02-13T00:00:00+00:00",
  "publisher": "HL7 Patient Care WG and Community-Based Care and Privacy WG",
  "contact": [
    {
      "telecom": [
        {
          "system": "url",
          "value": "http://www.hl7.org/Special/committees/patientcare/"
        },
        {
          "system": "url",
          "value": "http://www.hl7.org/Special/committees/homehealth/"
        }
      ]
    }
  ],
  "description": "AnatomicalOrientation of the body location, if needed to distinguish from a similar location in another orientation.\nThe orientation element is part of BodyLocation, a flexible structure that allows the location to be determined by a single code, or a code plus laterality and/or orientation. The body location can also be specified in relation to one or more body landmarks. SNOMED CT is used in all cases.\n\n* Code only: The code should include (precoordinate) laterality and/orientation to the degree necessary to completely specify the body location.\n* Code plus laterality and/or orientation: The basic code augmented by codes specifying the body side and/or anatomical orientation.\n* Relation to landmark: The location relative to a landmark is specified by:\n1. Establishing the location and type of landmark using a body site code and optional laterality/orientation, and\n2. Specifying the direction and distance from the landmark to the body location.\n\nNote that BodyLocation is a data type (a reusable structure), not a stand-alone entity. The concept is similar to how a postal address can apply to a person, location, or organization. This contrasts with FHIR's stand-alone BodySite (aka BodyStructure in r4) which 'is not ... intended for describing the type of anatomical location but rather a specific body site on a specific patient' (FHIR 3.5).",
  "fhirVersion": "4.0.0",
  "kind": "complex-type",
  "abstract": false,
  "context": [
    {
      "type": "element",
      "expression": "*"
    }
  ],
  "type": "Extension",
  "baseDefinition": "http://hl7.org/fhir/StructureDefinition/Extension",
  "derivation": "constraint",
  "snapshot": {
    "element": [
      {
        "id": "Extension",
        "path": "Extension",
        "short": "AnatomicalOrientation",
        "definition": "AnatomicalOrientation of the body location, if needed to distinguish from a similar location in another orientation.\nThe orientation element is part of BodyLocation, a flexible structure that allows the location to be determined by a single code, or a code plus laterality and/or orientation. The body location can also be specified in relation to one or more body landmarks. SNOMED CT is used in all cases.\n\n* Code only: The code should include (precoordinate) laterality and/orientation to the degree necessary to completely specify the body location.\n* Code plus laterality and/or orientation: The basic code augmented by codes specifying the body side and/or anatomical orientation.\n* Relation to landmark: The location relative to a landmark is specified by:\n1. Establishing the location and type of landmark using a body site code and optional laterality/orientation, and\n2. Specifying the direction and distance from the landmark to the body location.\n\nNote that BodyLocation is a data type (a reusable structure), not a stand-alone entity. The concept is similar to how a postal address can apply to a person, location, or organization. This contrasts with FHIR's stand-alone BodySite (aka BodyStructure in r4) which 'is not ... intended for describing the type of anatomical location but rather a specific body site on a specific patient' (FHIR 3.5).",
        "min": 0,
        "max": "*",
        "base": {
          "path": "Extension",
          "min": 0,
          "max": "*"
        },
        "condition": [
          "ele-1"
        ],
        "constraint": [
          {
            "key": "ele-1",
            "severity": "error",
            "human": "All FHIR elements must have a @value or children",
            "expression": "hasValue() or (children().count() > id.count())",
            "xpath": "@value|f:*|h:div",
            "source": "Element"
          },
          {
            "key": "ext-1",
            "severity": "error",
            "human": "Must have either extensions or value[x], not both",
            "expression": "extension.exists() != value.exists()",
            "xpath": "exists(f:extension)!=exists(f:*[starts-with(local-name(.), 'value')])"
          }
        ],
        "isModifier": false,
        "mapping": [
          {
            "identity": "rim",
            "map": "n/a"
          },
          {
            "identity": "rim",
            "map": "N/A"
          }
        ]
      },
      {
        "id": "Extension.id",
        "path": "Extension.id",
        "representation": [
          "xmlAttr"
        ],
        "short": "Unique id for inter-element referencing",
        "definition": "Unique id for the element within a resource (for internal references). This may be any string value that does not contain spaces.",
        "min": 0,
        "max": "1",
        "base": {
          "path": "Element.id",
          "min": 0,
          "max": "1"
        },
        "type": [
          {
            "code": "string"
          }
        ],
        "isModifier": false,
        "isSummary": false,
        "mapping": [
          {
            "identity": "rim",
            "map": "n/a"
          }
        ]
      },
      {
        "id": "Extension.extension",
        "path": "Extension.extension",
        "slicing": {
          "discriminator": [
            {
              "type": "value",
              "path": "url"
            }
          ],
          "description": "Extensions are always sliced by (at least) url",
          "rules": "open"
        },
        "short": "Additional content defined by implementations",
        "definition": "May be used to represent additional information that is not part of the basic definition of the element. To make the use of extensions safe and manageable, there is a strict set of governance  applied to the definition and use of extensions. Though any implementer can define an extension, there is a set of requirements that SHALL be met as part of the definition of the extension.",
        "comment": "There can be no stigma associated with the use of extensions by any application, project, or standard - regardless of the institution or jurisdiction that uses or defines the extensions.  The use of extensions is what allows the FHIR specification to retain a core level of simplicity for everyone.",
        "alias": [
          "extensions",
          "user content"
        ],
        "min": 0,
        "max": "0",
        "base": {
          "path": "Element.extension",
          "min": 0,
          "max": "*"
        },
        "type": [
          {
            "code": "Extension"
          }
        ],
        "isModifier": false,
        "isSummary": false,
        "mapping": [
          {
            "identity": "rim",
            "map": "n/a"
          }
        ]
      },
      {
        "id": "Extension.url",
        "path": "Extension.url",
        "representation": [
          "xmlAttr"
        ],
        "short": "identifies the meaning of the extension",
        "definition": "Source of the definition for the extension code - a logical name or a URL.",
        "comment": "The definition may point directly to a computable or human-readable definition of the extensibility codes, or it may be a logical URI as declared in some other specification. The definition SHALL be a URI for the Structure Definition defining the extension.",
        "min": 1,
        "max": "1",
        "base": {
          "path": "Extension.url",
          "min": 1,
          "max": "1"
        },
        "type": [
          {
            "code": "uri"
          }
        ],
        "fixedUri": "http://hl7.org/fhir/us/PACIO-functional-cognitive-status/StructureDefinition/obf-datatype-AnatomicalOrientation-extension",
        "isModifier": false,
        "isSummary": false,
        "mapping": [
          {
            "identity": "rim",
            "map": "N/A"
          }
        ]
      },
      {
        "id": "Extension.valueCodeableConcept",
        "path": "Extension.valueCodeableConcept",
        "short": "Value of extension",
        "definition": "Value of extension - must be one of a constrained set of the data types (see [Extensibility](extensibility.html) for a list).",
        "min": 1,
        "max": "1",
        "base": {
          "path": "Extension.value[x]",
          "min": 0,
          "max": "1"
        },
        "type": [
          {
            "code": "CodeableConcept"
          }
        ],
        "isModifier": false,
        "isSummary": false,
        "binding": {
          "strength": "extensible",
          "valueSet": "http://hl7.org/fhir/us/PACIO-functional-status/obf/datatype/vs/AnatomicalOrientationVS"
        },
        "mapping": [
          {
            "identity": "rim",
            "map": "N/A"
          }
        ]
      }
    ]
  },
  "differential": {
    "element": [
      {
        "id": "Extension",
        "path": "Extension",
        "short": "AnatomicalOrientation",
        "definition": "AnatomicalOrientation of the body location, if needed to distinguish from a similar location in another orientation.\nThe orientation element is part of BodyLocation, a flexible structure that allows the location to be determined by a single code, or a code plus laterality and/or orientation. The body location can also be specified in relation to one or more body landmarks. SNOMED CT is used in all cases.\n\n* Code only: The code should include (precoordinate) laterality and/orientation to the degree necessary to completely specify the body location.\n* Code plus laterality and/or orientation: The basic code augmented by codes specifying the body side and/or anatomical orientation.\n* Relation to landmark: The location relative to a landmark is specified by:\n1. Establishing the location and type of landmark using a body site code and optional laterality/orientation, and\n2. Specifying the direction and distance from the landmark to the body location.\n\nNote that BodyLocation is a data type (a reusable structure), not a stand-alone entity. The concept is similar to how a postal address can apply to a person, location, or organization. This contrasts with FHIR's stand-alone BodySite (aka BodyStructure in r4) which 'is not ... intended for describing the type of anatomical location but rather a specific body site on a specific patient' (FHIR 3.5).",
        "min": 0,
        "max": "*"
      },
      {
        "id": "Extension.extension",
        "path": "Extension.extension",
        "min": 0,
        "max": "0"
      },
      {
        "id": "Extension.url",
        "path": "Extension.url",
        "type": [
          {
            "code": "uri"
          }
        ],
        "fixedUri": "http://hl7.org/fhir/us/PACIO-functional-cognitive-status/StructureDefinition/obf-datatype-AnatomicalOrientation-extension"
      },
      {
        "id": "Extension.valueCodeableConcept",
        "path": "Extension.valueCodeableConcept",
        "min": 1,
        "type": [
          {
            "code": "CodeableConcept"
          }
        ],
        "binding": {
          "strength": "extensible",
          "valueSet": "http://hl7.org/fhir/us/PACIO-functional-status/obf/datatype/vs/AnatomicalOrientationVS"
        }
      }
    ]
  }
}