{
  "resourceType": "ValueSet",
  "id": "pacio-fs-SectionGGFunctionalAbilitiesAndGoals",
  "text": {
    "status": "generated",
    "div": "<div xmlns=\"http://www.w3.org/1999/xhtml\">\n<p><b>SectionGGFunctionalAbilitiesAndGoals ValueSet</b></p>\n<p>For Post-Acute Care Settings, the MDS/OASIS Self Care or Mobility question code</p>\n</div>"
  },
  "url": "http://hl7.org/fhir/us/PACIO-functional-status/pacio-fs/vs/SectionGGFunctionalAbilitiesAndGoals",
  "version": "0.1.0",
  "name": "SectionGGFunctionalAbilitiesAndGoals",
  "title": "Section GG Functional Abilities And Goals",
  "status": "draft",
  "date": "2019-12-19T00:00:00+00:00",
  "publisher": "HL7 Patient Care WG and Community-Based Care and Privacy WG",
  "contact": [
    {
      "telecom": [
        {
          "system": "url",
          "value": "http://www.hl7.org/Special/committees/patientcare/"
        },
        {
          "system": "url",
          "value": "http://www.hl7.org/Special/committees/homehealth/"
        }
      ]
    }
  ],
  "description": "For Post-Acute Care Settings, the MDS/OASIS Self Care or Mobility question code",
  "compose": {
    "include": [
      {
        "system": "http://loinc.org",
        "filter": [
          {
            "property": "concept",
            "op": "is-a",
            "value": "GG0100"
          }
        ]
      },
      {
        "system": "http://hl7.org/fhir/us/PACIO-functional-status/pacio-fs/cs/SectionGGFunctionalAbilitiesAndGoals",
        "concept": [
          {
            "code": "GG0110",
            "display": "Prior Device Use"
          },
          {
            "code": "GG0130",
            "display": "Self-Care"
          },
          {
            "code": "GG0170",
            "display": "Mobility"
          }
        ]
      }
    ]
  }
}