{
  "resourceType": "ValueSet",
  "id": "shr-core-UnitsOfLengthVS",
  "text": {
    "status": "generated",
    "div": "<div xmlns=\"http://www.w3.org/1999/xhtml\">\n<p><b>UnitsOfLengthVS ValueSet</b></p>\n<p>Units of measure related to length or distance.</p>\n</div>"
  },
  "url": "http://hl7.org/fhir/us/PACIO-functional-status/ValueSet/shr-core-UnitsOfLengthVS",
  "version": "0.1.0",
  "name": "UnitsOfLengthVS",
  "title": "UnitsOfLengthVS",
  "status": "draft",
  "date": "2019-11-27T00:00:00-05:00",
  "publisher": "HL7 Patient Care WG and Community-Based Care and Privacy WG",
  "contact": [
    {
      "telecom": [
        {
          "system": "url",
          "value": "http://www.hl7.org/Special/committees/patientcare/"
        },
        {
          "system": "url",
          "value": "http://www.hl7.org/Special/committees/homehealth/"
        }
      ]
    }
  ],
  "description": "Units of measure related to length or distance.",
  "compose": {
    "include": [
      {
        "system": "http://unitsofmeasure.org",
        "concept": [
          {
            "code": "pm",
            "display": "Picometer"
          },
          {
            "code": "nm",
            "display": "Nanometer"
          },
          {
            "code": "mm",
            "display": "Millimeter"
          },
          {
            "code": "cm",
            "display": "Centimeter"
          },
          {
            "code": "m",
            "display": "Meter"
          },
          {
            "code": "ft-us",
            "display": "Foot"
          },
          {
            "code": "in-us",
            "display": "Inch"
          }
        ]
      }
    ]
  }
}