{"resourceType":"ValueSet","id":"obf-TreatmentIntentVS","text":{"status":"generated","div":"<div xmlns=\"http://www.w3.org/1999/xhtml\">\n<p><b>TreatmentIntentVS ValueSet</b></p>\n<p>The purpose of a treatment. The value set includes 'curative' and 'palliative'. Curative is defined as any treatment meant to reduce or control a disease process, even if a 'cure' is not anticipated. Palliative includes treatments meant to reduce symptoms and side effects, such as antiemetics.</p>\n</div>"},"url":"http://hl7.org/fhir/us/PACIO-functional-status/obf/vs/TreatmentIntentVS","version":"0.1.0","name":"TreatmentIntentVS","title":"Treatment Intent VS","status":"draft","date":"2020-01-23T00:00:00+00:00","publisher":"HL7 Patient Care WG and Community-Based Care and Privacy WG","contact":[{"telecom":[{"system":"url","value":"http://www.hl7.org/Special/committees/patientcare/"},{"system":"url","value":"http://www.hl7.org/Special/committees/homehealth/"}]}],"description":"The purpose of a treatment. The value set includes 'curative' and 'palliative'. Curative is defined as any treatment meant to reduce or control a disease process, even if a 'cure' is not anticipated. Palliative includes treatments meant to reduce symptoms and side effects, such as antiemetics.","compose":{"include":[{"system":"http://snomed.info/sct","concept":[{"code":"373808002","display":"Curative - procedure intent"},{"code":"363676003","display":"Palliative - procedure intent"}]}]}}