{
  "resourceType": "ValueSet",
  "id": "shr-core-OrientationVS",
  "text": {
    "status": "generated",
    "div": "<div xmlns=\"http://www.w3.org/1999/xhtml\">\n<p><b>OrientationVS ValueSet</b></p>\n<p>Terms that specify anatomical orientation. The orientation value set is part of BodyLocation, a flexible structure that allows the location to be determined by a single code, or a code plus laterality and/or orientation. The body location can also be specified in relation to one or more body landmarks. SNOMED CT is used in all cases.\n\n+ Code only: The code should include (precoordinate) laterality and/orientation to the degree necessary to completely specify the body location.\n+ Code plus laterality and/or orientation: The basic code augmented by codes specifying the body side and/or anatomical orientation.\n+ Relation to landmark: The location relative to a landmark is specified by:\n- Establishing the location and type of landmark using a body site code and optional laterality/orientation, and\n- Specifying the direction and distance from the landmark to the body location.\n\nNote that BodyLocation is a data type (a reusable structure), not a stand-alone entity. The concept is similar to how a postal address can apply to a person, location, or organization. This contrasts with FHIR's stand-alone BodySite (aka BodyStructure in r4) which 'is not ... intended for describing the type of anatomical location but rather a specific body site on a specific patient' (FHIR 3.5).</p>\n</div>"
  },
  "url": "http://hl7.org/fhir/us/PACIO-functional-status/ValueSet/shr-core-OrientationVS",
  "version": "0.1.0",
  "name": "OrientationVS",
  "title": "Orientation VS",
  "status": "draft",
  "date": "2019-12-04T00:00:00+00:00",
  "publisher": "HL7 Patient Care WG and Community-Based Care and Privacy WG",
  "contact": [
    {
      "telecom": [
        {
          "system": "url",
          "value": "http://www.hl7.org/Special/committees/patientcare/"
        },
        {
          "system": "url",
          "value": "http://www.hl7.org/Special/committees/homehealth/"
        }
      ]
    }
  ],
  "description": "Terms that specify anatomical orientation. The orientation value set is part of BodyLocation, a flexible structure that allows the location to be determined by a single code, or a code plus laterality and/or orientation. The body location can also be specified in relation to one or more body landmarks. SNOMED CT is used in all cases.\n\n+ Code only: The code should include (precoordinate) laterality and/orientation to the degree necessary to completely specify the body location.\n+ Code plus laterality and/or orientation: The basic code augmented by codes specifying the body side and/or anatomical orientation.\n+ Relation to landmark: The location relative to a landmark is specified by:\n- Establishing the location and type of landmark using a body site code and optional laterality/orientation, and\n- Specifying the direction and distance from the landmark to the body location.\n\nNote that BodyLocation is a data type (a reusable structure), not a stand-alone entity. The concept is similar to how a postal address can apply to a person, location, or organization. This contrasts with FHIR's stand-alone BodySite (aka BodyStructure in r4) which 'is not ... intended for describing the type of anatomical location but rather a specific body site on a specific patient' (FHIR 3.5).",
  "compose": {
    "include": [
      {
        "system": "http://snomed.info/sct",
        "concept": [
          {
            "code": "255549009",
            "display": "Anterior"
          },
          {
            "code": "261045000",
            "display": "Anterior dorsal"
          },
          {
            "code": "37197008",
            "display": "Anterolateral"
          },
          {
            "code": "255593009",
            "display": "Circumferential"
          },
          {
            "code": "65424008",
            "display": "Contiguous"
          },
          {
            "code": "46053002",
            "display": "Distal"
          },
          {
            "code": "255554000",
            "display": "Dorsal"
          },
          {
            "code": "298109001",
            "display": "Ectopic"
          },
          {
            "code": "33843005",
            "display": "Efferent"
          },
          {
            "code": "261788001",
            "display": "Exteriorized"
          },
          {
            "code": "69320009",
            "display": "Extracellular"
          },
          {
            "code": "263759007",
            "display": "Foraminal"
          },
          {
            "code": "298108009",
            "display": "Heterotopic"
          },
          {
            "code": "131186000",
            "display": "Horizontal long axis"
          },
          {
            "code": "261089000",
            "display": "Inferior"
          },
          {
            "code": "83167003",
            "display": "Intracellular"
          },
          {
            "code": "18769003",
            "display": "Juxta-posed"
          },
          {
            "code": "49370004",
            "display": "Lateral"
          },
          {
            "code": "103339001",
            "display": "Long axis"
          },
          {
            "code": "38717003",
            "display": "Longitudinal"
          },
          {
            "code": "261122009",
            "display": "Lower"
          },
          {
            "code": "112233002",
            "display": "Marginal"
          },
          {
            "code": "255561001",
            "display": "Medial"
          },
          {
            "code": "260528009",
            "display": "Median"
          },
          {
            "code": "261129000",
            "display": "Mediolateral"
          },
          {
            "code": "103342007",
            "display": "Mid-longitudinal"
          },
          {
            "code": "261136004",
            "display": "Mural"
          },
          {
            "code": "103341000",
            "display": "Off axis"
          },
          {
            "code": "298107004",
            "display": "Orthotopic"
          },
          {
            "code": "264114003",
            "display": "Ostium"
          },
          {
            "code": "103343002",
            "display": "Parasagittal"
          },
          {
            "code": "14414005",
            "display": "Peripheral"
          },
          {
            "code": "264147007",
            "display": "Plantar"
          },
          {
            "code": "60583000",
            "display": "Postaxial"
          },
          {
            "code": "255551008",
            "display": "Posterior"
          },
          {
            "code": "261165005",
            "display": "Posterior dorsal"
          },
          {
            "code": "264153007",
            "display": "Posterior pole"
          },
          {
            "code": "90069004",
            "display": "Posterolateral"
          },
          {
            "code": "32400000",
            "display": "Preaxial"
          },
          {
            "code": "62372003",
            "display": "Segmental"
          },
          {
            "code": "263869007",
            "display": "Separate"
          },
          {
            "code": "255584008",
            "display": "Septal"
          },
          {
            "code": "103340004",
            "display": "Short axis"
          },
          {
            "code": "264217000",
            "display": "Superior"
          },
          {
            "code": "421812003",
            "display": "Top"
          },
          {
            "code": "62824007",
            "display": "Transverse"
          },
          {
            "code": "261183002",
            "display": "Upper"
          },
          {
            "code": "33096000",
            "display": "Vertical"
          },
          {
            "code": "131185001",
            "display": "Vertical long axis"
          }
        ]
      }
    ]
  }
}