{
  "resourceType": "ValueSet",
  "id": "obf-ResearchSubjectTerminationReasonVS",
  "text": {
    "status": "generated",
    "div": "<div xmlns=\"http://www.w3.org/1999/xhtml\">\n<p><b>ResearchSubjectTerminationReasonVS ValueSet</b></p>\n<p>The reason for a research subject leaving a research study.</p>\n</div>"
  },
  "url": "http://hl7.org/fhir/us/PACIO-functional-status/obf/vs/ResearchSubjectTerminationReasonVS",
  "version": "0.1.0",
  "name": "ResearchSubjectTerminationReasonVS",
  "title": "Research Subject Termination Reason VS",
  "status": "draft",
  "date": "2020-01-29T00:00:00+00:00",
  "publisher": "HL7 Patient Care WG and Community-Based Care and Privacy WG",
  "contact": [
    {
      "telecom": [
        {
          "system": "url",
          "value": "http://www.hl7.org/Special/committees/patientcare/"
        },
        {
          "system": "url",
          "value": "http://www.hl7.org/Special/committees/homehealth/"
        }
      ]
    }
  ],
  "description": "The reason for a research subject leaving a research study.",
  "compose": {
    "include": [
      {
        "system": "http://hl7.org/fhir/us/PACIO-functional-status/obf/cs/ResearchSubjectTerminationReasonCS",
        "concept": [
          {
            "code": "moved",
            "display": "Subject relocated"
          },
          {
            "code": "died",
            "display": "Subject passed away"
          },
          {
            "code": "ended",
            "display": "Research study ended"
          },
          {
            "code": "adverse",
            "display": "Subject could not tolerate treatement"
          },
          {
            "code": "protocol",
            "display": "Subject could not follow protocol, e.g. required appointments, dosing schedule, etc."
          },
          {
            "code": "unknown",
            "display": "Reason not known"
          }
        ]
      }
    ]
  }
}