{
  "resourceType": "ValueSet",
  "id": "shr-core-LateralityVS",
  "text": {
    "status": "generated",
    "div": "<div xmlns=\"http://www.w3.org/1999/xhtml\">\n<p><b>LateralityVS ValueSet</b></p>\n<p>Terms that specify the side of the body. The laterality value set is part of BodyLocation, a flexible structure that allows the location to be determined by a single code, or a code plus laterality and/or orientation. The body location can also be specified in relation to one or more body landmarks. SNOMED CT is used in all cases.\n\n+ Code only: The code should include (precoordinate) laterality and/orientation to the degree necessary to completely specify the body location.\n+ Code plus laterality and/or orientation: The basic code augmented by codes specifying the body side and/or anatomical orientation.\n+ Relation to landmark: The location relative to a landmark is specified by:\n- Establishing the location and type of landmark using a body site code and optional laterality/orientation, and\n- Specifying the direction and distance from the landmark to the body location.\n\nNote that BodyLocation is a data type (a reusable structure), not a stand-alone entity. The concept is similar to how a postal address can apply to a person, location, or organization. This contrasts with FHIR's stand-alone BodySite (aka BodyStructure in r4) which 'is not ... intended for describing the type of anatomical location but rather a specific body site on a specific patient' (FHIR 3.5).</p>\n</div>"
  },
  "url": "http://hl7.org/fhir/us/PACIO-functional-status/ValueSet/shr-core-LateralityVS",
  "version": "0.1.0",
  "name": "LateralityVS",
  "title": "LateralityVS",
  "status": "draft",
  "date": "2019-11-27T00:00:00-05:00",
  "publisher": "HL7 Patient Care WG and Community-Based Care and Privacy WG",
  "contact": [
    {
      "telecom": [
        {
          "system": "url",
          "value": "http://www.hl7.org/Special/committees/patientcare/"
        },
        {
          "system": "url",
          "value": "http://www.hl7.org/Special/committees/homehealth/"
        }
      ]
    }
  ],
  "description": "Terms that specify the side of the body. The laterality value set is part of BodyLocation, a flexible structure that allows the location to be determined by a single code, or a code plus laterality and/or orientation. The body location can also be specified in relation to one or more body landmarks. SNOMED CT is used in all cases.\n\n+ Code only: The code should include (precoordinate) laterality and/orientation to the degree necessary to completely specify the body location.\n+ Code plus laterality and/or orientation: The basic code augmented by codes specifying the body side and/or anatomical orientation.\n+ Relation to landmark: The location relative to a landmark is specified by:\n- Establishing the location and type of landmark using a body site code and optional laterality/orientation, and\n- Specifying the direction and distance from the landmark to the body location.\n\nNote that BodyLocation is a data type (a reusable structure), not a stand-alone entity. The concept is similar to how a postal address can apply to a person, location, or organization. This contrasts with FHIR's stand-alone BodySite (aka BodyStructure in r4) which 'is not ... intended for describing the type of anatomical location but rather a specific body site on a specific patient' (FHIR 3.5).",
  "compose": {
    "include": [
      {
        "system": "http://snomed.info/sct",
        "concept": [
          {
            "code": "419161000",
            "display": "Unilateral left"
          },
          {
            "code": "419465000",
            "display": "Unilateral right"
          },
          {
            "code": "51440002",
            "display": "Bilateral"
          }
        ]
      }
    ]
  }
}